{
  "popularity": {
    "precision@5": 0.006988352745424293,
    "precision@10": 0.004326123128119801,
    "precision@20": 0.0037437603993344427,
    "recall@5": 0.03494176372712146,
    "recall@10": 0.04326123128119801,
    "recall@20": 0.07487520798668885,
    "ndcg@5": 0.02019535279676931,
    "ndcg@10": 0.022917374678297665,
    "ndcg@20": 0.030842228402134977,
    "hit_rate@5": 0.03494176372712146,
    "hit_rate@10": 0.04326123128119801,
    "hit_rate@20": 0.07487520798668885,
    "mrr@5": 0.015418746533555185,
    "mrr@10": 0.016557721258220425,
    "mrr@20": 0.018696996239778392
  },
  "item_knn": {
    "precision@5": 0.0066555740432612314,
    "precision@10": 0.006156405990016639,
    "precision@20": 0.005657237936772046,
    "recall@5": 0.033277870216306155,
    "recall@10": 0.06156405990016639,
    "recall@20": 0.11314475873544093,
    "ndcg@5": 0.01991445920121111,
    "ndcg@10": 0.028824704311503076,
    "ndcg@20": 0.041786296253957,
    "hit_rate@5": 0.033277870216306155,
    "hit_rate@10": 0.06156405990016639,
    "hit_rate@20": 0.11314475873544093,
    "mrr@5": 0.015557404326123127,
    "mrr@10": 0.019097139687821882,
    "mrr@20": 0.02261130038190201
  },
  "svd": {
    "precision@5": 0.008652246256239603,
    "precision@10": 0.008319467554076539,
    "precision@20": 0.006905158069883528,
    "recall@5": 0.04326123128119801,
    "recall@10": 0.08319467554076539,
    "recall@20": 0.13810316139767054,
    "ndcg@5": 0.02855428626479898,
    "ndcg@10": 0.041403160113088644,
    "ndcg@20": 0.05520675937789763,
    "hit_rate@5": 0.04326123128119801,
    "hit_rate@10": 0.08319467554076539,
    "hit_rate@20": 0.13810316139767054,
    "mrr@5": 0.023738214087631725,
    "mrr@10": 0.029002588278794598,
    "mrr@20": 0.03274499529193718
  },
  "mlp": {
    "precision@5": 0.005657237936772046,
    "precision@10": 0.004492512479201331,
    "precision@20": 0.0034941763727121466,
    "recall@5": 0.028286189683860232,
    "recall@10": 0.04492512479201331,
    "recall@20": 0.06988352745424292,
    "ndcg@5": 0.016890283884558974,
    "ndcg@10": 0.022266228558003566,
    "ndcg@20": 0.02852023255742893,
    "hit_rate@5": 0.028286189683860232,
    "hit_rate@10": 0.04492512479201331,
    "hit_rate@20": 0.06988352745424292,
    "mrr@5": 0.013144758735440932,
    "mrr@10": 0.015362623141325304,
    "mrr@20": 0.017051529223129188
  }
}